customer_id,customer_name,reg_date
1,Jessica Reynolds,2024-09-19
2,Deborah Arroyo,2024-10-06
3,William Mcgrath,2025-05-08
4,James Pope,2025-06-22
5,Richard Sanders,2025-02-24
6,Melissa Brown,2025-07-29
7,Tyler Myers,2024-12-11
8,Breanna Morgan,2025-08-07
9,William Lopez,2024-09-07
10,Tommy Black,2024-12-30
11,Michael Robinson,2024-11-07
12,Jennifer Carter,2024-12-03
13,Beth Underwood,2024-10-19
14,David Ayala Jr.,2024-12-18
15,Susan Smith,2025-05-14
16,Donna Davis,2025-03-13
17,Oscar Fry,2024-12-09
18,Kristin Duncan,2025-03-28
19,Jaime Lewis,2025-03-23
20,Sherry Massey,2025-03-25
21,Sharon Bennett,2025-06-11
22,Christine Miller,2024-10-01
23,Bonnie Mcclure,2025-02-01
24,Marcia Obrien,2025-05-12
25,Vanessa Arias,2025-06-05
26,Linda Joseph,2025-04-27
27,Rhonda Smith,2025-06-30
28,Jordan Williams,2025-05-06
29,Natalie Soto,2024-09-27
30,Erica Smith,2025-01-19
31,Sandra Moran,2025-04-12
32,Maria White,2024-11-28
33,Felicia Carroll,2025-04-23
34,Rodney Long,2024-10-06
35,Justin Chang,2025-05-14
36,James Fox,2025-03-15
37,Jennifer Allen,2025-03-22
38,Kaitlyn Cooper,2024-11-01
39,Kylie Aguirre,2024-12-03
40,Sarah Ward,2025-02-19
41,Jeffrey Lopez,2025-07-06
42,Joshua Gonzalez,2025-04-20
43,Lori Strong,2025-07-04
44,Maurice Lewis,2025-03-20
45,Sheila Higgins,2025-04-13
46,Martin Williams,2025-02-18
47,Alicia Skinner,2024-09-09
48,Anne Ali,2024-10-17
49,Ronald Bryant,2025-07-07
50,Eric Wheeler,2025-02-04
51,Ruth Burns,2025-01-30
52,Mary Barry,2025-07-21
53,Ashley Berry,2025-05-28
54,Wendy Myers,2025-02-28
55,Edward Barnett,2025-02-15
56,Gloria Thompson,2025-04-23
57,Samantha Ramirez,2024-12-14
58,Cameron Davies,2024-09-12
59,Ann Medina,2024-12-18
60,Eric Sellers,2024-10-26
61,Stephen Mcclure,2024-10-28
62,Charles Williams,2024-09-28
63,Danielle Harrington,2025-01-13
64,Christopher Newman,2025-03-21
65,Lawrence Bennett,2025-06-27
66,Shaun Boone,2025-01-01
67,Brandi Harris,2025-03-30
68,Sarah Martinez,2025-02-04
69,Thomas Martinez,2024-12-04
70,Michael Wilson,2024-10-24
71,Kimberly Rodriguez,2025-07-03
72,James Bowers,2024-12-28
73,Antonio Woodard,2025-07-13
74,Dennis Moore,2024-09-23
75,Kevin Martin,2025-04-19
76,Terry Berg,2025-07-14
77,Luis Dorsey,2024-12-24
78,John Khan,2025-05-10
79,John Olsen,2024-09-14
80,John Jordan,2025-04-22
81,Sheila Gray,2024-09-30
82,Marvin Wilson,2025-07-21
83,Kelly Compton,2025-04-15
84,John Jones,2025-06-15
85,Jenny Hernandez,2025-06-16
86,Victor Clark,2025-04-13
87,James Gibson,2024-12-22
88,Martha Terrell,2025-01-02
89,Benjamin Kim,2025-07-28
90,Michelle Smith,2025-06-26
91,Janice Montoya,2025-05-24
92,Mark Smith,2024-11-17
93,Kathryn Gutierrez,2025-06-14
94,Henry Hoffman,2025-01-31
95,Mark Campbell,2024-12-20
96,Danny Reilly,2025-02-22
97,Juan Daniel,2025-02-05
98,Christina Nelson,2025-04-02
99,Frank Ball,2025-02-15
100,Heather Hall,2024-11-03
101,Elizabeth Mcdonald,2025-07-12
102,April Gonzales,2025-01-06
103,Connie Wilson,2024-09-15
104,Courtney Fisher,2025-07-11
105,Matthew Turner,2025-05-24
106,Jeffrey Wilson,2025-03-29
107,Ryan Flores,2024-12-17
108,Rebecca Acosta MD,2024-11-24
109,Julie Thomas,2025-01-08
110,Daniel Camacho,2025-03-30
111,Lori Archer,2024-09-26
112,Courtney Cooper,2025-03-13
113,Christopher Sims,2025-07-25
114,Jennifer Jones,2025-06-23
115,Joseph Mitchell,2025-06-26
116,Scott Johnson,2024-09-10
117,Kimberly Mendoza,2025-04-23
118,Matthew Morris DDS,2025-05-18
119,Megan Ray,2025-06-08
120,Crystal Dean,2025-08-07
121,Paul Lee,2025-07-09
122,Clayton Alvarado,2024-09-13
123,David Haynes,2025-03-14
124,Kirk Williams,2024-12-01
125,Kayla Gray,2025-07-29
126,Michael Simmons,2025-03-17
127,Alex Ramos,2025-07-26
128,John Best,2025-07-21
129,Elaine Peterson,2025-07-15
130,Amber Garza,2025-03-30
131,Sharon Jones,2025-03-20
132,Pamela Moore,2025-02-10
133,Nicholas Hall,2025-08-02
134,Sara Young,2025-04-14
135,Heidi Hudson,2024-12-10
136,Jill Johnson,2025-05-04
137,Joseph Wise,2025-01-28
138,Ronald Moreno,2025-02-21
139,Robert Nelson,2025-01-20
140,Jessica Ferguson,2024-09-08
141,Carol Weber,2025-05-25
142,Angelica Juarez,2025-02-09
143,Randall Cox,2025-06-29
144,David Goodwin,2024-10-10
145,Allison George,2025-06-23
146,Suzanne Schneider,2025-01-07
147,John Butler,2025-03-24
148,John Hunt,2024-09-16
149,Pamela Hunt,2025-02-07
150,Patrick Brown,2025-03-26
151,Peter Clark,2025-07-03
152,Andrew Kerr,2025-01-29
153,William Hines,2025-04-05
154,Michael Rowe,2025-04-23
155,Todd Patterson,2024-10-30
156,Angela Miller DVM,2024-09-22
157,Crystal Cross,2025-02-09
158,Stephanie Smith,2025-03-14
159,James Schmidt,2025-07-25
160,Christine Lewis,2025-02-22
161,Aaron Morrison,2024-09-15
162,Susan Mcclain,2024-09-29
163,Steven Miller,2025-03-23
164,Craig Johns,2024-11-04
165,Michael Cantu,2025-06-03
166,Jesus Nunez,2025-04-21
167,Gary Cochran,2024-12-22
168,Kristen Meyers,2025-04-21
169,Joshua Chandler,2024-12-31
170,Ashley Gomez,2025-01-01
171,Jonathan Johnston,2025-04-19
172,Brittany Hopkins,2025-07-18
173,Andrew Martinez,2025-02-24
174,Walter Hall,2024-11-10
175,Donald Miller,2024-11-13
176,Laura Gomez,2024-10-03
177,Sara Lara MD,2024-12-27
178,Michael Jones,2024-09-26
179,Robert Arroyo,2025-05-11
180,Bernard Martin,2025-06-07
181,Nicholas Brown,2025-01-21
182,Shannon Simmons,2024-11-25
183,Mark Webb,2025-07-14
184,Chase Jordan,2025-04-12
185,Stacy Weber,2024-09-25
186,Gregory Davidson,2025-01-03
187,Sandy Villarreal,2025-06-28
188,Jennifer Castro,2024-09-09
189,Francisco Brown,2025-02-05
190,Robert Butler,2025-08-04
191,Christina Garza,2025-01-12
192,Heather Becker,2024-11-30
193,George Sutton,2025-01-10
194,Jesse Thomas,2025-01-29
195,Megan Miller,2024-09-16
196,Keith Gonzalez MD,2024-12-01
197,Katherine Martin,2024-11-08
198,Henry Mills,2025-01-04
199,Christine Chang,2025-02-04
200,Curtis Arias,2024-10-13
