rider_id,rider_name,signup_date
1,Heather Dudley,2024-06-05
2,Jay Harrison,2025-07-04
3,Paula Butler,2024-08-08
4,Steven Dixon,2024-06-11
5,Jennifer White,2025-01-19
6,Katherine Cooper,2025-06-16
7,Linda Nguyen,2024-01-29
8,Kristen Mills,2024-07-16
9,Johnny Harris,2025-04-28
10,Amber Cook,2024-03-28
11,Raymond Cox,2024-04-28
12,Samuel Smith,2024-01-16
13,Cameron Trevino,2024-10-02
14,Stephanie Dudley,2024-05-31
15,Brandy Cisneros,2025-06-08
16,Joshua Lloyd,2025-05-08
17,Justin Garcia,2025-03-11
18,Maria Watkins,2025-04-08
19,John Foster,2025-05-25
20,Nicholas Andrews,2024-04-20
21,Matthew Mendoza,2023-11-09
22,Rachel Russo,2025-07-25
23,Kenneth Vaughn,2023-10-12
24,Angela Morgan,2024-03-23
25,Abigail Harmon,2024-09-22
26,Jenna Woodard,2024-01-15
27,Michelle Compton,2024-02-18
28,Elizabeth Mills,2024-08-06
29,Sara Tucker,2024-08-27
30,Erin Baker,2023-09-18
31,Alicia Houston,2024-08-22
32,Dana Jones,2024-11-12
33,Robert Mitchell,2024-09-20
34,Christine Carter,2024-10-25
35,Samuel Johnson,2024-01-01
36,Taylor Wilson,2024-08-04
37,Corey Sanchez,2023-09-22
38,Kelly Martinez,2025-03-03
39,Jonathan Cox,2024-03-18
40,Sheri Hood,2024-03-08
41,Cheryl Orozco,2024-09-04
42,Shannon Sutton,2024-12-30
43,Jennifer Arnold,2024-05-30
44,Robert Jones,2023-10-27
45,Ralph Smith,2024-01-31
46,Stephanie Jenkins,2025-07-03
47,Aaron Martinez,2024-01-22
48,Robert Jones,2023-10-03
49,Ana Rodriguez,2024-05-14
50,Julie Koch,2024-08-05
51,Nicole Villa,2024-10-25
52,Kimberly Lopez,2025-03-16
53,Shelly Cain,2024-03-16
54,Michelle Deleon,2025-06-02
55,Nancy Hahn,2025-06-26
56,Amanda Allen,2024-10-24
57,Natalie Martin,2025-01-09
58,Yvette Morrison,2024-06-30
59,Tara Smith,2024-02-07
60,Angela Hill,2024-02-24
61,Garrett Hoover,2024-11-19
62,Gail Harris,2024-03-28
63,Trevor Fowler,2023-09-30
64,Christina Young,2024-10-18
65,Brianna Mosley,2024-05-05
66,Daniel Ford,2024-09-08
67,Joseph Jones,2025-07-04
68,Sandra Cole,2024-08-17
69,Wendy Pierce,2025-01-06
70,Allison Myers,2023-09-19
71,Makayla Collins,2024-09-27
72,James Figueroa,2025-06-12
73,Jaime Myers,2025-05-02
74,Mr. Curtis Schneider,2023-12-15
75,Lawrence Morales,2024-09-16
76,Matthew Walter,2023-11-09
77,Tiffany Cochran,2024-10-01
78,Dean Black,2024-10-31
79,Ricky Wilson,2024-01-13
80,Linda Adams,2025-02-28
81,Dawn Carter,2024-11-22
82,Samuel Snyder,2025-05-23
83,Becky Hill,2024-01-23
84,Joseph Spencer,2025-03-12
85,Jennifer Davis,2024-07-16
86,Robert Fitzgerald,2025-07-16
87,Mr. Timothy Vazquez,2024-02-16
88,Susan Valentine,2025-04-21
89,Erin Pittman,2025-05-17
90,Maria Nicholson,2025-05-16
91,Nicolas Johnson,2024-05-22
92,Mitchell Lopez,2024-03-24
93,Kimberly Roberts,2023-12-21
94,Heather Wilson,2024-08-12
95,Kristine Stevenson,2024-04-03
96,Peter Kennedy,2025-03-13
97,Christina Green,2023-11-08
98,Juan Randolph,2024-01-20
99,Kelly Pearson,2025-05-17
100,Larry Williams,2024-05-17
101,Latoya Frederick,2023-11-30
102,Andre Bishop,2024-10-27
103,Mr. John Carson,2023-09-26
104,Ryan Baxter,2024-09-28
105,Timothy Martinez,2023-12-13
106,Jonathan Walker,2025-06-15
107,Mary Ross,2024-08-30
108,Joseph Santos,2024-07-18
109,Judy Moss,2023-11-19
110,Stephen Rodriguez,2024-05-15
111,David Steele,2025-04-14
112,Dr. Carla Vargas,2023-10-24
113,Wendy Miller,2025-07-29
114,Mrs. Linda Dunn,2023-11-11
115,Jonathan Morrison,2024-01-22
116,George Rivera,2025-03-07
117,Christopher Baker,2024-06-27
118,Michael Ferguson,2024-12-12
119,Jonathan Gomez,2024-04-22
120,Timothy Gonzales,2024-02-25
121,Mary Bradley,2023-09-26
122,Kathy Wright,2024-04-25
123,Christopher Miller,2024-05-09
124,Dawn Strickland,2025-03-06
125,Austin Thomas,2023-12-12
126,Lisa Farrell,2024-02-07
127,Veronica Butler,2024-12-30
128,Eric Warner,2024-07-31
129,Jill Johnson,2024-06-19
130,Mrs. Stephanie Walsh,2024-01-01
131,Christina Cunningham,2024-02-22
132,Amy Roberts,2024-09-30
133,Elizabeth Shannon,2024-08-08
134,Molly Huang,2025-02-23
135,Randall Love,2024-01-03
136,Paul Robinson,2024-07-26
137,Daniel Lee,2023-09-23
138,Jesse Barnes,2024-12-23
139,Michelle Sanchez,2023-11-27
140,Francisco Freeman,2025-05-18
141,Brittany Bautista,2024-06-12
142,Luke George,2025-07-07
143,James Banks,2025-01-01
144,Jennifer Park,2024-04-29
145,Lauren Griffin,2025-04-27
146,Robert Lee,2025-08-04
147,Russell Gentry,2024-11-13
148,Darius Bell,2023-09-22
149,Paige Bond,2025-06-11
150,Leonard Cooper,2025-03-08
151,Daniel Vazquez,2024-06-15
152,Douglas Barnes,2025-03-10
153,Nathan Stewart,2024-10-10
154,David Campbell,2024-11-28
155,Brian Bishop,2024-04-24
156,Victoria Eaton,2025-05-20
157,Robert Jefferson,2024-03-02
158,Craig Lester,2024-12-24
159,Meghan Francis,2025-05-21
160,Debra Austin,2024-11-14
161,Lindsey Jones,2024-11-06
162,Maria Wood,2023-12-15
163,Robin Blair,2024-01-04
164,Matthew Gould,2024-11-05
165,Patricia Miles,2025-05-17
166,Diane Roberts,2024-07-20
167,Richard Lopez,2025-05-25
168,Brandon Garcia II,2024-06-21
169,Mark Patterson,2024-01-18
170,Destiny Rivera,2024-04-09
171,John Madden,2024-07-31
172,Robert Harris,2024-03-06
173,Walter Rollins,2025-06-11
174,Jonathan Myers,2025-03-31
175,Kimberly Taylor,2024-01-03
176,Deborah Diaz,2024-12-30
177,Ryan Chang,2024-04-28
178,Carolyn Ryan,2024-06-27
179,Robin Stephenson,2025-02-15
180,Samuel George,2025-04-19
181,Glenn Young,2024-03-28
182,David Hall,2025-04-09
183,Thomas Cardenas,2024-03-23
184,Michelle Cook,2024-06-06
185,Curtis Smith,2024-05-24
186,Jennifer Suarez,2023-09-13
187,John Roman,2023-10-29
188,Sara Bennett,2023-10-13
189,Kelly Stone,2024-05-13
190,Michael Mathis,2023-10-12
191,Douglas Bryant,2025-02-10
192,Melissa Edwards,2024-07-23
193,Amy Robinson,2025-01-03
194,Michael Smith,2024-12-24
195,Melissa Taylor,2025-05-21
196,Richard Zuniga,2024-05-25
197,Jerry Bowen,2025-03-16
198,Heidi Walker,2024-06-03
199,Carl Logan,2025-03-10
200,Ralph Lucas,2024-10-14
